1	Opening	Reversal of Fortune	Acemoglu, Johnson & Robinson 2002	slides english/econ_history_01_ajr_reversal.pdf
2	Opening	Colonial Origins, and how we know	Acemoglu, Johnson & Robinson 2001	slides english/econ_history_02_causality_colonial_origins.pdf
3	Institutions	Trade, religion and conflict in India	Jha 2015	slides_english2/econ_history_03_jha.pdf
4	Colonialism	The long-run effects of the slave trades	Nunn 2008	slides_english2/econ_history_04_nunn.pdf
5	Colonialism	The bison and the Plains Nations	Feir, Gillezeau & Jones 2024	slides_english2/econ_history_05_feir_bison.pdf
6	Colonialism	Colonial medicine and mistrust	Lowes & Montero 2021	slides_english2/econ_history_06_lowes_colonial_medicine.pdf
7	Colonialism	The Jesuit missions	Valencia Caicedo 2019	slides_english2/econ_history_07_valencia_caicedo_mission.pdf
8	Antiquity	Seasonality and the origins of agriculture	Matranga 2024	slides_english2/econ_history_08_matranga_seasonality.pdf
9	Antiquity	Caravan trade in ancient Kanesh	Larsen; Barjamovic et al. 2019	slides_english2/econ_history_09_larsen_caravan_trade.pdf
10	Antiquity	Institutions of the Kanesh colony	Larsen; Bakker et al. 2021	slides_english2/econ_history_10_larsen_kanesh.pdf
11	Leadership	Monarchs, war and state capacity	Ottinger & Voigtlander 2025	slides_english2/econ_history_11_ottinger_monarchs.pdf
12	Leadership	Heroic networks	Cage, Grosjean & Jha 2023	slides_english2/econ_history_12_cage_heroic_networks.pdf
16	Bureaucracy	Patronage in the colonial service	Xu 2018	slides_english2/econ_history_16_xu_patronage.pdf
17	Bureaucracy	The civil service exam	Bai & Jia 2016	slides_english2/econ_history_17_bai_civil_service_exam.pdf
18	Bureaucracy	Building a postal state	Aneja & Xu 2024	slides_english2/econ_history_18_aneja_postal_reform.pdf
19	Reformation	Luther and Suleyman	Iyigun 2008	slides_english2/econ_history_19_iyigun_reformation.pdf
20	Reformation	The Dissolution of the Monasteries	Heldring, Robinson & Vollmer 2021	slides_english2/econ_history_20_heldring_monasteries.pdf
23	Political identity	The making of France	Blanc & Kubo	slides_english2/econ_history_23_blanc_making_of_france.pdf
24	Political identity	Abolitionism and political identity	Figueroa & Fouka 2023	slides_english2/econ_history_24_figueroa_abolitionism.pdf
25	Political identity	Serbian radio and nationalism	DellaVigna et al. 2014	slides_english2/econ_history_25_dellavigna_serbian_radio.pdf
